question,intent

Using steroids for weight loss?,unsafe
Best way to bulk too fast quickly?,unsafe
How many carbs do I need daily?,nutrition
Best way to crash diet quickly?,unsafe
How does oats affect recovery?,nutrition
Best way to crash diet quickly?,unsafe
Best lunch options for muscle gain?,nutrition
How to calculate calorie needs?,general
What is catabolism?,general
How to progress in crunches?,workout
Is fish oil safe for lactose intolerance?,nutrition
When to see a doctor for hip pain?,medical
Best lunch options for strength building?,nutrition
How to lose 20kg in 3 days?,unsafe
Is numbness normal after exercise?,medical
How to prevent ankle pain during workouts?,medical
How to calculate body fat percentage?,general
Best way to bulk too fast quickly?,unsafe
Differences between deadlifts and crunches?,workout
Best way to extreme cut quickly?,unsafe
How to prevent muscle soreness during workouts?,medical
Exercises to avoid with intermittent fasting?,medical
Differences between kettlebell swings and burpees?,workout
How does pasta affect health maintenance?,nutrition
How many minerals do I need daily?,nutrition
Benefits of cardio?,general
Is creatine safe for cutting phase?,nutrition
How often should I do swimming?,workout
How many reps are good for muscle growth?,workout
How to lose 15kg in a month?,unsafe
Can beginners do lunges?,workout
Is kettlebell swings good for triceps strength?,workout
Can I exercise with diabetes?,medical
Should I avoid salmon for recovery?,nutrition
How to progress in cycling?,workout
Differences between calf raises and pilates?,workout
Best breakfast ideas for strength building?,nutrition
Using ephedrine for weight loss?,unsafe
How often should I do dumbbell curls?,workout
How many reps for leg press?,workout
How to prevent hip pain during workouts?,medical
Can beginners do crunches?,workout
What does glycogen mean?,general
Can I skip meals for muscle gain?,unsafe
Can I skip meals for strength building?,unsafe
What are good sources of vitamins?,nutrition
Is kettlebell swings good for chest strength?,workout
Can I eat almonds during muscle gain?,nutrition
Differences between leg press and crunches?,workout
How many meals should I eat per day?,nutrition
How to progress in crunches?,workout
How many vitamins do I need daily?,nutrition
Using steroids for weight loss?,unsafe
How to lose 20kg in a month?,unsafe
How to prevent neck pain during workouts?,medical
Can I exercise with lower back pain?,medical
How to prevent foot pain during workouts?,medical
Exercises to avoid with keto diet?,medical
Can I eat spinach during endurance?,nutrition
How many water do I need daily?,nutrition
How to starve safely?,unsafe
What does insulin resistance mean?,general
Best routine for weight loss?,workout
Is collagen safe for high blood pressure?,nutrition
"I feel foot pain after push-ups, what to do?",medical
Is planks good for triceps strength?,workout
Benefits of HIIT?,general
Can I exercise with intermittent fasting?,medical
Is calcium safe for keto diet?,nutrition
How to calculate body fat percentage?,general
"I feel wrist pain after kettlebell swings, what to do?",medical
Benefits of HIIT?,general
How to prevent shoulder pain during workouts?,medical
Is it safe to take steroids?,unsafe
Difference between fats and carbs and bulking and cutting?,general
What does sets mean?,general
Can I eat quinoa during endurance?,nutrition
Differences between burpees and crunches?,workout
What are good sources of carbs?,nutrition
Is collagen safe for low carb diet?,nutrition
How many fiber do I need daily?,nutrition
Is deadlifts good for chest strength?,workout
Can I exercise with high blood pressure?,medical
Best way to extreme cut quickly?,unsafe
Using steroids for weight loss?,unsafe
How to prevent back pain during workouts?,medical
Difference between whey and casein and aerobic and anaerobic?,general
"I feel ankle pain after leg press, what to do?",medical
What is BMI?,general
Benefits of yoga?,general
Difference between whey and casein and fats and carbs?,general
Can I exercise with bulking phase?,medical
Using diuretics for weight loss?,unsafe
"I feel muscle soreness after swimming, what to do?",medical
Can I eat rice during weight loss?,nutrition
How to prevent wrist pain during workouts?,medical
Best way to extreme cut quickly?,unsafe
Best way to extreme cut quickly?,unsafe
How many minerals do I need daily?,nutrition
How to progress in bench press?,workout
How often should I do push-ups?,workout
Is cramps normal after exercise?,medical
Benefits of cardio?,general
Using ephedrine for weight loss?,unsafe
How to lose 10kg in 3 days?,unsafe
How to calculate body fat percentage?,general
How often should I do lunges?,workout
Should I avoid eggs for muscle gain?,nutrition
How to prevent wrist pain during workouts?,medical
Benefits of strength training?,general
Best lunch options for strength building?,nutrition
When to see a doctor for foot pain?,medical
How does beans affect muscle gain?,nutrition
Can I eat tuna during weight loss?,nutrition
How many reps for planks?,workout
Using steroids for weight loss?,unsafe
Best routine for health maintenance?,workout
How to progress in swimming?,workout
Best way to ignore pain quickly?,unsafe
Is iron safe for bulking phase?,nutrition
Benefits of HIIT?,general
Using clenbuterol for weight loss?,unsafe
How to prevent elbow pain during workouts?,medical
When to see a doctor for muscle soreness?,medical
Using clenbuterol for weight loss?,unsafe
What does glycogen mean?,general
Is planks good for back strength?,workout
Is whey protein safe for lactose intolerance?,nutrition
How does quinoa affect health maintenance?,nutrition
"I feel elbow pain after running, what to do?",medical
How to prevent ankle pain during workouts?,medical
Should I avoid oranges for strength building?,nutrition
How many reps for crunches?,workout
Exercises to avoid with keto diet?,medical
Using laxatives for weight loss?,unsafe
Is paleo effective for strength building?,nutrition
Exercises to avoid with bulking phase?,medical
How to prevent back pain during workouts?,medical
What does sets mean?,general
What does glycogen mean?,general
When to see a doctor for knee pain?,medical
"I feel wrist pain after dumbbell curls, what to do?",medical
Benefits of cardio?,general
How to calculate BMI?,general
Can beginners do dumbbell curls?,workout
How does milk affect weight loss?,nutrition
Is nausea normal after exercise?,medical
Benefits of yoga?,general
Is it safe to take steroids?,unsafe
What is VO2 max?,general
What is BMI?,general
How to prevent wrist pain during workouts?,medical
How many carbs do I need daily?,nutrition
"I feel back pain after running, what to do?",medical
What does progressive overload mean?,general
Difference between bulking and cutting and fats and carbs?,general
How many fats do I need daily?,nutrition
Best breakfast ideas for health maintenance?,nutrition
Benefits of yoga?,general
How does milk affect muscle gain?,nutrition
Is nausea normal after exercise?,medical
Should I avoid spinach for muscle gain?,nutrition
Benefits of stretching?,general
How many calories do I need daily?,nutrition
When to see a doctor for hip pain?,medical
Best way to crash diet quickly?,unsafe
Is cramps normal after exercise?,medical
Is shortness of breath normal after exercise?,medical
Best routine for weight loss?,workout
Should I avoid spinach for weight loss?,nutrition
How to calculate BMI?,general
Is it safe to fast for days?,unsafe
Can I eat tuna during endurance?,nutrition
Benefits of stretching?,general
What are good sources of minerals?,nutrition
How many reps for deadlifts?,workout
Is calcium safe for keto diet?,nutrition
How to prevent hip pain during workouts?,medical
How often should I do lunges?,workout
How to lose 10kg in one week?,unsafe
Can I eat sweet potatoes during weight loss?,nutrition
When to see a doctor for knee pain?,medical
How often should I do leg press?,workout
How to calculate body fat percentage?,general
"I feel foot pain after push-ups, what to do?",medical
Best routine for muscle gain?,workout
How to calculate body fat percentage?,general
Can beginners do running?,workout
What are good sources of water?,nutrition
Best routine for muscle gain?,workout
Differences between swimming and dumbbell curls?,workout
Should I avoid potatoes for weight loss?,nutrition
How to prevent hip pain during workouts?,medical
"Difference between whey and casein and aerobic and anaerobic?",general
Best way to extreme cut quickly?,unsafe
Best snacks for health maintenance?,nutrition
Can beginners do pull-ups?,workout
Best routine for strength building?,workout
Exercises to avoid with high blood pressure?,medical
How to prevent ankle pain during workouts?,medical
Best way to crash diet quickly?,unsafe
How to progress in jumping jacks?,workout
Best dinner recipes for health maintenance?,nutrition
"I feel back pain after crunches, what to do?",medical
Using amphetamines for weight loss?,unsafe
When to see a doctor for shoulder pain?,medical
"I feel knee pain after burpees, what to do?",medical
Can I exercise with pregnancy?,medical
Is it safe to fast for days?,unsafe
Can beginners do pull-ups?,workout
Is fish oil safe for allergies?,nutrition
Best way to ignore pain quickly?,unsafe
How does broccoli affect recovery?,nutrition
What does progressive overload mean?,general
Differences between lunges and pull-ups?,workout
What does reps mean?,general
How to lose 15kg in a month?,unsafe
Best routine for health maintenance?,workout
How to lose 10kg in two weeks?,unsafe
Is it safe to purge?,unsafe
What is BMR?,general
How does quinoa affect endurance?,nutrition
Using laxatives for weight loss?,unsafe
Can beginners do leg press?,workout
Best breakfast ideas for endurance?,nutrition
When to see a doctor for ankle pain?,medical
How many minerals do I need daily?,nutrition
Difference between whey and casein and whey and casein?,general
Is Mediterranean effective for strength building?,nutrition
Benefits of HIIT?,general
How to progress in swimming?,workout
Best snacks for weight loss?,nutrition
"I feel back pain after crunches, what to do?",medical
Is planks good for back strength?,workout
What is catabolism?,general
Differences between pilates and swimming?,workout
Best way to bulk too fast quickly?,unsafe
How to lose 10kg in one week?,unsafe
Is paleo effective for strength building?,nutrition
How to progress in swimming?,workout
Using amphetamines for weight loss?,unsafe
Is it safe to use diuretics?,unsafe
How to progress in squats?,workout
Can I skip meals for endurance?,unsafe
When to see a doctor for shoulder pain?,medical
How many reps for running?,workout
Best way to extreme cut quickly?,unsafe
Is dizziness normal after exercise?,medical
Can I exercise with cutting phase?,medical
Best routine for recovery?,workout
Is low-fat effective for health maintenance?,nutrition
How many calories do I need daily?,nutrition
How does beef affect weight loss?,nutrition
How to prevent elbow pain during workouts?,medical
Using amphetamines for weight loss?,unsafe
Is it safe to take steroids?,unsafe
Is burpees good for shoulders strength?,workout
What is the proper form for leg press?,workout
Is nausea normal after exercise?,medical
How does quinoa affect weight loss?,nutrition
How to calculate BMI?,general
Benefits of strength training?,general
How to prevent back pain during workouts?,medical
How to lose 5kg in one week?,unsafe
How does bananas affect weight loss?,nutrition
How to calculate protein requirements?,general
When to see a doctor for elbow pain?,medical
What is the proper form for shoulder press?,workout
What does sets mean?,general
Is lunges good for back strength?,workout
Difference between whey and casein and whey and casein?,general
Is bench press good for abs strength?,workout
"I feel shoulder pain after bench press, what to do?",medical
What does superfoods mean?,general
Is it safe to take steroids?,unsafe
How to lose 20kg in two weeks?,unsafe
Is it safe to skip sleep?,unsafe
How to calculate body fat percentage?,general
Benefits of HIIT?,general
Using ephedrine for weight loss?,unsafe
How to lose 15kg in a month?,unsafe
Best way to crash diet quickly?,unsafe
What does glycogen mean?,general
Can I skip meals for health maintenance?,unsafe
How to lose 20kg in two weeks?,unsafe
What does progressive overload mean?,general
Best routine for muscle gain?,workout
What are good sources of carbs?,nutrition
Can beginners do running?,workout
Is it safe to starve?,unsafe
Can I skip meals for strength building?,unsafe
How many reps for swimming?,workout
Is jumping jacks good for calves strength?,workout
Can beginners do pull-ups?,workout
How does walnuts affect endurance?,nutrition
How to calculate BMI?,general
Can I exercise with low carb diet?,medical
What is catabolism?,general
Can I eat salmon during recovery?,nutrition
Can beginners do burpees?,workout
How many reps for shoulder press?,workout
What is the proper form for calf raises?,workout
Exercises to avoid with diabetes?,medical
I feel knee pain after squats,medical
When to see a doctor for foot pain?,medical
Best breakfast ideas for muscle gain?,nutrition
Is deadlift good for back strength?,workout
How to progress in dumbbell curls?,workout
Is it safe to skip sleep?,unsafe
Using steroids for weight loss?,unsafe
Differences between pilates and burpees?,workout
How to progress in deadlifts?,workout
How to calculate body fat percentage?,general
Best routine for weight loss?,workout
How to lose 15kg in one week?,unsafe
Difference between fats and carbs and aerobic and anaerobic?,general
Can I eat peanuts during health maintenance?,nutrition
Best way to bulk too fast quickly?,unsafe
How many calories do I need daily?,nutrition
Is it safe to skip sleep?,unsafe
Benefits of cardio?,general
What does sets mean?,general
Best dinner recipes for health maintenance?,nutrition
Is cramps normal after exercise?,medical
Should I avoid tofu for health maintenance?,nutrition
Using laxatives for weight loss?,unsafe
Is keto effective for health maintenance?,nutrition
Can I exercise with intermittent fasting?,medical
How many reps for shoulder press?,workout
Using laxatives for weight loss?,unsafe
What is VO2 max?,general
How does yogurt affect recovery?,nutrition
How to lose 5kg in 3 days?,unsafe
How many reps for calf raises?,workout
What is metabolism?,general
How to calculate body fat percentage?,general
Is iron safe for pregnancy?,nutrition
Benefits of HIIT?,general
Best routine for weight loss?,workout
"I feel knee pain after crunches, what to do?",medical
Benefits of yoga?,general
Is bench press good for triceps strength?,workout
Is nausea normal after exercise?,medical
How to progress in dumbbell curls?,workout
What does insulin resistance mean?,general
Differences between push-ups and leg press?,workout
How many reps for pilates?,workout
Using clenbuterol for weight loss?,unsafe
Can I exercise with kidney issues?,medical
Is tingling normal after exercise?,medical
What is catabolism?,general
How often should I do shoulder press?,workout
How does eggs affect health maintenance?,nutrition
How to lose 5kg in one week?,unsafe
Difference between whey and casein and aerobic and anaerobic?,general
Can I skip meals for muscle gain?,unsafe
Using steroids for weight loss?,unsafe
How to prevent elbow pain during workouts?,medical
Exercises to avoid with cutting phase?,medical
Exercises to avoid with lactose intolerance?,medical
Difference between fats and carbs and bulking and cutting?,general
What are good sources of calories?,nutrition
Benefits of stretching?,general
What is calorie deficit?,general
Best way to crash diet quickly?,unsafe
What is metabolism?,general
"I feel hip pain after push-ups, what to do?",medical
Is collagen safe for cutting phase?,nutrition
Best dinner recipes for health maintenance?,nutrition
How often should I do crunches?,workout
Best snacks for weight loss?,nutrition
Using laxatives for weight loss?,unsafe
What does ketosis mean?,general
How does bananas affect health maintenance?,nutrition
Can I exercise with high blood pressure?,medical
When to see a doctor for muscle soreness?,medical
Exercises to avoid with intermittent fasting?,medical
Difference between bulking and cutting and fats and carbs?,general
"I feel muscle soreness after leg press, what to do?",medical
Difference between whey and casein and bulking and cutting?,general
Difference between whey and casein and fats and carbs?,general
What is TDEE?,general
Is it safe to dehydrate?,unsafe
Differences between bench press and kettlebell swings?,workout
Is vegetarian effective for strength building?,nutrition
Is multivitamin safe for diabetes?,nutrition
How to calculate protein requirements?,general
How to lose 20kg in one week?,unsafe
Using diuretics for weight loss?,unsafe
How to prevent ankle pain during workouts?,medical
How to calculate BMI?,general
What is anabolism?,general
"I feel elbow pain after burpees, what to do?",medical
Should I avoid salmon for endurance?,nutrition
"I feel muscle soreness after lunges, what to do?",medical
Differences between dumbbell curls and lunges?,workout
What is anabolism?,general
Best lunch options for weight loss?,nutrition
Is deadlifts good for glutes strength?,workout
How to calculate body fat percentage?,general
Is multivitamin safe for liver problems?,nutrition
How to prevent elbow pain during workouts?,medical
Best way to ignore pain quickly?,unsafe
How to lose 15kg in one week?,unsafe
"I feel muscle soreness after calf raises, what to do?",medical
Is it safe to skip sleep?,unsafe
Difference between fats and carbs and whey and casein?,general
What is catabolism?,general
Best routine for muscle gain?,workout
How to progress in jumping jacks?,workout
What does glycogen mean?,general
How often should I do yoga?,workout
Can I exercise with allergies?,medical
How does lentils affect muscle gain?,nutrition
Differences between deadlifts and planks?,workout
Is beta-alanine safe for liver problems?,nutrition
What is macronutrients?,general
How often should I do push-ups?,workout
"I feel wrist pain after jumping jacks, what to do?",medical
How many water do I need daily?,nutrition
Is it safe to fast for days?,unsafe
What are good sources of carbs?,nutrition
Is keto effective for strength building?,nutrition
Is crunches good for abs strength?,workout
Benefits of strength training?,general
Can I eat broccoli during strength building?,nutrition
Benefits of cardio?,general
Can beginners do lunges?,workout
Difference between whey and casein and whey and casein?,general
Difference between aerobic and anaerobic and whey and casein?,general
How to lose 15kg in one week?,unsafe
Is running good for triceps strength?,workout
When to see a doctor for foot pain?,medical
"I feel elbow pain after cycling, what to do?",medical
Exercises to avoid with cutting phase?,medical
Is post-workout shake safe for high blood pressure?,nutrition
How many vitamins do I need daily?,nutrition
How does tuna affect recovery?,nutrition
Can beginners do kettlebell swings?,workout
Is swimming good for triceps strength?,workout
How does apples affect strength building?,nutrition
Can I skip meals for weight loss?,unsafe
How to lose 20kg in two weeks?,unsafe
Is chest pain normal after exercise?,medical
How to lose 10kg in 3 days?,unsafe
When to see a doctor for elbow pain?,medical
Using amphetamines for weight loss?,unsafe
"I feel elbow pain after squats, what to do?",medical
Is low-fat effective for endurance?,nutrition
How many protein do I need daily?,nutrition
Using amphetamines for weight loss?,unsafe
How to lose 5kg in two weeks?,unsafe
Can I skip meals for muscle gain?,unsafe
How to lose 20kg in two weeks?,unsafe
What is the proper form for swimming?,workout
What is the proper form for jumping jacks?,workout
Using steroids for weight loss?,unsafe
When to see a doctor for hip pain?,medical
How many water do I need daily?,nutrition
What is the proper form for crunches?,workout
Is cycling good for arms strength?,workout
Is deadlifts good for back strength?,workout
Exercises to avoid with cutting phase?,medical
Difference between whey and casein and whey and casein?,general
What are good sources of protein?,nutrition
Is collagen safe for liver problems?,nutrition
Differences between dumbbell curls and calf raises?,workout
How to progress in push-ups?,workout
Differences between calf raises and squats?,workout
Differences between squats and yoga?,workout
Best way to extreme cut quickly?,unsafe
Best way to crash diet quickly?,unsafe
How to calculate calorie needs?,general
Is multivitamin safe for vegan diet?,nutrition
Is it safe to fast for days?,unsafe
Can I exercise with heart disease?,medical
How to lose 10kg in 3 days?,unsafe
How to calculate protein requirements?,general
What does reps mean?,general
What is calorie deficit?,general
What are good sources of minerals?,nutrition
How to prevent shoulder pain during workouts?,medical
Should I avoid pork for health maintenance?,nutrition
Benefits of HIIT?,general
What is calorie deficit?,general
How often should I do leg press?,workout
How to prevent back pain during workouts?,medical
Best way to crash diet quickly?,unsafe
How to lose 5kg in two weeks?,unsafe
How does pasta affect endurance?,nutrition
Is tingling normal after exercise?,medical
How to progress in squats?,workout
How to prevent wrist pain during workouts?,medical
Benefits of yoga?,general
What does ketosis mean?,general
Benefits of strength training?,general
Is it safe to use diuretics?,unsafe
What is BMR?,general
Difference between aerobic and anaerobic and bulking and cutting?,general
Is fatigue normal after exercise?,medical
Can I exercise with diabetes?,medical
Can I exercise with liver problems?,medical
How to lose 20kg in two weeks?,unsafe
Difference between fats and carbs and aerobic and anaerobic?,general
Best way to extreme cut quickly?,unsafe
How to lose 15kg in one week?,unsafe
Can I skip meals for recovery?,unsafe
Is nausea normal after exercise?,medical
What is TDEE?,general
How to lose 20kg in 3 days?,unsafe
Differences between bench press and dumbbell curls?,workout
What foods boost metabolism?,nutrition
How does caffeine affect workout performance?,nutrition
Is intermittent fasting good for beginners?,nutrition
Best sources of plant-based protein?,nutrition
Can I drink alcohol while dieting?,nutrition
What is the role of fiber in digestion?,nutrition
How much water should I drink daily for hydration?,nutrition
Are superfoods worth the hype?,nutrition
Effects of sugar on energy levels?,nutrition
Best nuts for heart health?,nutrition
How to incorporate more vegetables into meals?,nutrition
Is dairy necessary for strong bones?,nutrition
What vitamins help with immune system?,nutrition
How does salt intake affect blood pressure?,nutrition
Best fruits for post-workout recovery?,nutrition
Can gluten-free diets aid weight loss?,nutrition
What is the glycemic index?,general
How to read nutrition labels?,general
What does RDA stand for?,general
Differences between macros and micros?,general
What is basal metabolic rate?,general
How to track daily calorie intake?,general
What are electrolytes?,general
Definition of antioxidants?,general
What causes food cravings?,general
How to build a balanced plate?,general
Is yoga effective for flexibility?,workout
Best exercises for core strength?,workout
How often to train abs?,workout
Proper form for push-ups?,workout
Can walking count as cardio?,workout
How to start running program?,workout
Benefits of resistance bands?,workout
What is circuit training?,workout
How to improve endurance?,workout
Best warm-up routines?,workout
Cool-down stretches after workout?,workout
How to use foam roller?,workout
Exercises for better posture?,workout
What is plyometrics?,workout
How to progress in pull-ups?,workout
"I have shoulder pain during lifts, what now?",medical
Is joint cracking normal?,medical
How to treat shin splints?,medical
Signs of overtraining?,medical
Can exercise cause headaches?,medical
When to ice vs heat injury?,medical
How to prevent blisters from running?,medical
Is swelling after workout bad?,medical
Dealing with muscle cramps?,medical
Exercise safe during cold?,medical
How to manage asthma while exercising?,medical
Signs of dehydration?,medical
Can workouts worsen allergies?,medical
Best way to gain muscle fast with pills?,unsafe
How to use fat burners safely?,unsafe
Is skipping breakfast harmful?,unsafe
Rapid detox diets effective?,unsafe
Using saunas for weight loss?,unsafe
How to suppress appetite?,unsafe
Extreme cardio for quick results?,unsafe
Ignoring fatigue during training?,unsafe
How to bulk with minimal food?,unsafe
Fasting for muscle definition?,unsafe
Using caffeine pills for energy?,unsafe
How to lose belly fat overnight?,unsafe
What is HIIT training?,general
Differences between aerobic and anaerobic?,general
What is VO2 max?,general
How to measure heart rate zones?,general
What are periodization cycles?,general
Definition of muscle hypertrophy?,general
What is lactic acid buildup?,general
How does sleep affect recovery?,general
What is active recovery?,general
Benefits of meditation for fitness?,general
What are endorphins?,general
How to set fitness goals?,general
Best protein shakes for women?,nutrition
How does turmeric aid inflammation?,nutrition
Are eggs good for cholesterol?,nutrition
Best carbs for sustained energy?,nutrition
How much omega-3 daily?,nutrition
Is coconut oil healthy?,nutrition
Foods to avoid for bloating?,nutrition
How to get enough iron on vegan diet?,nutrition
Benefits of probiotics?,nutrition
What foods help with sleep?,nutrition
How does garlic boost immunity?,nutrition
Best snacks for late-night?,nutrition
Is honey better than sugar?,nutrition
How to reduce caffeine intake?,nutrition
Foods high in vitamin D?,nutrition
What is Tabata workout?,workout
How to do proper burpees?,workout
Exercises for stronger glutes?,workout
How often to do full-body workouts?,workout
Best home workout equipment?,workout
How to improve balance?,workout
What is functional training?,workout
Exercises for arm definition?,workout
How to train for marathon?,workout
Best cardio machines?,workout
How to incorporate HIIT?,workout
Strength training for seniors?,workout
Exercises to build speed?,workout
How to do kettlebell swings?,workout
Yoga poses for stress relief?,workout
"My ankle twists easily, causes?",medical
How to heal pulled muscle?,medical
Is back pain from poor form?,medical
When to see doctor for sprain?,medical
Exercise with arthritis?,medical
How to prevent heat exhaustion?,medical
Signs of low blood sugar during workout?,medical
Can stress cause weight gain?,medical
How to manage PCOS with diet?,medical
Exercise safe post-surgery?,medical
Dealing with plantar fasciitis?,medical
How to treat tennis elbow?,medical
Is vertigo from spinning exercises?,medical
Using HGH for muscle growth?,unsafe
How to cycle steroids?,unsafe
Best crash diet for wedding?,unsafe
Purging after meals safe?,unsafe
How to dehydrate for weigh-in?,unsafe
Extreme fasting methods?,unsafe
Using laxatives daily?,unsafe
Ignoring pain to push limits?,unsafe
How to suppress hunger with pills?,unsafe
Rapid weight loss shakes?,unsafe
Using amphetamines for focus?,unsafe
Starving for competition prep?,unsafe
What is body composition?,general
How to calculate macros?,general
What are BCAAs?,general
Differences between fats types?,general
What is insulin sensitivity?,general
How does cortisol affect body?,general
What is metabolic adaptation?,general
Benefits of tracking progress?,general
What are micronutrients?,general
How to avoid plateaus?,general
What is muscle memory?,general
Importance of mobility work?,general
Foods for healthy skin?,nutrition
How does ginger aid digestion?,nutrition
Best dairy alternatives?,nutrition
How much protein per meal?,nutrition
Foods to boost testosterone?,nutrition
Is butter healthy?,nutrition
How to eat for hormone balance?,nutrition
Best anti-inflammatory foods?,nutrition
Foods high in potassium?,nutrition
How does cinnamon regulate blood sugar?,nutrition
Best grains for gluten-free?,nutrition
How to meal prep effectively?,nutrition
Is avocado good for weight loss?,nutrition
Foods to avoid for acid reflux?,nutrition
How to do proper squats?,workout
Exercises for better grip strength?,workout
How often to change routine?,workout
Best exercises for quads?,workout
How to build calf muscles?,workout
What is CrossFit?,workout
Exercises for shoulder mobility?,workout
How to train for hiking?,workout
Best ab workouts at home?,workout
How to improve vertical jump?,workout
Exercises for hamstring flexibility?,workout
What is Pilates?,workout
Strength training without weights?,workout
How to do handstands?,workout
"My wrist hurts from typing, related to workout?",medical
How to prevent carpal tunnel?,medical
Is numbness in fingers serious?,medical
Exercise with scoliosis?,medical
How to manage hypertension with exercise?,medical
Signs of heart issues during workout?,medical
Can diabetes affect recovery?,medical
How to treat bursitis?,medical
Exercise safe with migraines?,medical
Dealing with eczema flare-ups?,medical
How to prevent chafing?,medical
Is tinnitus from loud gyms?,medical
Exercise with thyroid issues?,medical
Using clen for cutting?,unsafe
How to make homemade steroids?,unsafe
Best yo-yo diet tips?,unsafe
Vomiting to lose weight?,unsafe
How to use diuretics safely?,unsafe
Fasting 48 hours weekly?,unsafe
Using enemas for detox?,unsafe
Pushing through injuries?,unsafe
How to hide eating disorders?,unsafe
Extreme calorie restriction?,unsafe
Using cocaine for appetite control?,unsafe
Sleeping pills for recovery?,unsafe
What is resting heart rate?,general
How to measure body fat?,general
What are adaptogens?,general
Differences between vitamins?,general
What is oxidative stress?,general
How does aging affect metabolism?,general
What is gut microbiome?,general
Benefits of gratitude journaling?,general
What are pheromones?,general
How to build mental resilience?,general
What is circadian rhythm?,general
Importance of sun exposure?,general
Best herbs for energy?,nutrition
How does kale benefit health?,nutrition
Is soy bad for men?,nutrition
Best foods for brain health?,nutrition
How much zinc daily?,nutrition
Foods to boost collagen?,nutrition
Is olive oil best for cooking?,nutrition
How to get omega-6?,nutrition
Best sweets alternatives?,nutrition
Foods high in magnesium?,nutrition
How does beetroot aid performance?,nutrition
Best vegan cheese options?,nutrition
Is fasting good for detox?,nutrition
Foods to avoid for gout?,nutrition
How to do lunges correctly?,workout
Exercises for trapezius muscles?,workout
How to train for obstacles?,workout
Best exercises for biceps?,workout
How to build endurance swimming?,workout
What is barre workout?,workout
Exercises for neck strength?,workout
How to train for cycling race?,workout
Best leg workouts?,workout
How to improve agility?,workout
Exercises for forearm strength?,workout
What is Zumba?,workout
Bodyweight exercises for travel?,workout
How to do cartwheels?,workout
"My knee clicks, is it bad?",medical
How to heal stress fracture?,medical
Is fatigue from low iron?,medical
Exercise with fibromyalgia?,medical
How to manage IBS with diet?,medical
Signs of electrolyte imbalance?,medical
Can anxiety cause chest pain?,medical
How to treat golfer's elbow?,medical
Exercise safe with epilepsy?,medical
Dealing with rosacea?,medical
How to prevent ingrown hairs?,medical
Is hair loss from stress?,medical
Exercise with osteoporosis?,medical
Using SARMs for gains?,unsafe
How to inject testosterone?,unsafe
Best water fast tips?,unsafe
Binge and purge cycle?,unsafe
How to use caffeine for fat loss?,unsafe
Dry fasting methods?,unsafe
Using colon cleanses?,unsafe
Training with broken bone?,unsafe
How to cheat on diet days?,unsafe
Severe restriction diets?,unsafe
Using MDMA for mood?,unsafe
Painkillers before workout?,unsafe
What is pulse oximetry?,general
How to calculate TDEE?,general
What are nootropics?,general
Differences between carbs types?,general
What is autophagy?,general
How does inflammation affect body?,general
What is epigenetics?,general
Benefits of mindfulness?,general
What are stem cells?,general
How to improve focus?,general
What is neuroplasticity?,general
Importance of posture?,general
Best spices for flavor without calories?,nutrition
How does spinach benefit eyes?,nutrition
Is red meat carcinogenic?,nutrition
Best foods for hair growth?,nutrition
How much selenium daily?,nutrition
Foods to boost serotonin?,nutrition
Is canola oil healthy?,nutrition
How to get enough calcium vegan?,nutrition
Best low-calorie desserts?,nutrition
Foods high in vitamin C?,nutrition
How does green tea aid weight loss?,nutrition
Best nut butters?,nutrition
Is juicing better than eating?,nutrition
Foods to avoid for kidney stones?,nutrition
Proper form for deadlifts?,workout
Exercises for deltoid muscles?,workout
How to train for triathlon?,workout
Best exercises for triceps?,workout
How to build stamina for soccer?,workout
What is bootcamp training?,workout
Exercises for hip flexors?,workout
How to train for skiing?,workout
Best back workouts?,workout
How to improve reaction time?,workout
Exercises for wrist strength?,workout
What is aerobics?,workout
Outdoor workout ideas?,workout
How to do flips?,workout
"My elbow pops, causes? ",medical
How to heal tendonitis?,medical
Is dizziness from low blood pressure?,medical
Exercise with lupus?,medical
How to manage endometriosis pain?,medical
Signs of vitamin deficiency?,medical
Can depression affect appetite?,medical
How to treat rotator cuff injury?,medical
Exercise safe with anemia?,medical
Dealing with psoriasis?,medical
How to prevent razor burn?,medical
Is weight gain from medication?,medical
Exercise with rheumatoid arthritis?,medical
Using peptides for recovery?,unsafe
How to buy black market drugs?,unsafe
Best mono diet plans?,unsafe
Laxative tea for weight loss?,unsafe
How to use nicotine for appetite?,unsafe
Snake diet details?,unsafe
Using bleach for detox?,unsafe
Working out hungover?,unsafe
How to fake fitness progress?,unsafe
Calorie negative foods myth?,unsafe
Using heroin for pain?,unsafe
Antibiotics for muscle growth?,unsafe
What is biofeedback?,general
How to estimate VO2 max?,general
What are phytonutrients?,general
Differences between proteins types?,general
What is homeostasis?,general
How does exercise affect mood?,general
What is telomere?,general
Benefits of laughter?,general
What are hormones?,general
How to build habits?,general
What is quantum fitness?,general
Importance of breathing techniques?,general
Best teas for relaxation?,nutrition
How does broccoli benefit detox?,nutrition
Is processed food always bad?,nutrition
Best foods for eye health?,nutrition
How much iodine daily?,nutrition
Foods to boost dopamine?,nutrition
Is sunflower oil good?,nutrition
How to get vitamin B12 vegan?,nutrition
Best healthy chips?,nutrition
Foods high in vitamin E?,nutrition
How does coffee affect cortisol?,nutrition
Best seed options?,nutrition
Is blending better than juicing?,nutrition
Foods to avoid for high cholesterol?,nutrition
How to do bench press?,workout
Exercises for pec muscles?,workout
How to train for marathon?,workout
Best exercises for hamstrings?,workout
How to build power for boxing?,workout
What is calisthenics?,workout
Exercises for adductors?,workout
How to train for golf?,workout
Best chest workouts?,workout
How to improve coordination?,workout
Exercises for finger strength?,workout
What is step aerobics?,workout
Gym workout for beginners?,workout
How to do muscle-ups?,workout
"My hip hurts when sitting, related?",medical
How to heal ligament tear?,medical
Is blurred vision from fatigue?,medical
Exercise with MS?,medical
How to manage Crohn's disease?,medical
Signs of hormone imbalance?,medical
Can insomnia affect gains?,medical
How to treat IT band syndrome?,medical
Exercise safe with glaucoma?,medical
Dealing with acne from sweat?,medical
How to prevent heat rash?,medical
Is mood swings from diet?,medical
Exercise with COPD?,medical
Using IGF-1 for growth?,unsafe
How to make steroids at home?,unsafe
Best fruit only diet?,unsafe
Herbal laxatives safe?,unsafe
How to use alcohol for calories?,unsafe
Breatharianism tips?,unsafe
Using vinegar for detox?,unsafe
Training with fever?,unsafe
How to lie about diet?,unsafe
Negative calorie diet?,unsafe
Using meth for energy?,unsafe
Steroids for women?,unsafe
What is ECG?,general
How to calculate BMI accurately?,general
What are terpenes?,general
Differences between minerals?,general
What is symbiosis?,general
How does music affect workout?,general
What is DNA?,general
Benefits of nature walks?,general
What are enzymes?,general
How to reduce stress?,general
What is relativity in fitness?,general
Importance of community in fitness?,general
Best smoothies for breakfast?,nutrition
How does carrot benefit vision?,nutrition
Is organic worth it?,nutrition
Best foods for bone health?,nutrition
How much chromium daily?,nutrition
Foods to boost endorphins?,nutrition
Is palm oil bad?,nutrition
How to get enough protein vegetarian?,nutrition
Best guilt-free snacks?,nutrition
Foods high in vitamin K?,nutrition
How does alcohol affect liver?,nutrition
Best legume choices?,nutrition
Is eating raw better?,nutrition
Foods to avoid for diabetes?,nutrition
Proper form for rows?,workout
Exercises for lat muscles?,workout
How to train for ultra?,workout
Best exercises for calves?,workout
How to build explosiveness?,workout
What is powerlifting?,workout
Exercises for abductors?,workout
How to train for tennis?,workout
Best arm workouts?,workout
How to improve flexibility?,workout
Exercises for thumb strength?,workout
What is water aerobics?,workout
Partner workout ideas?,workout
How to do ring dips?,workout
"My neck stiffens, causes?",medical
How to heal nerve damage?,medical
Is tinnitus from headphones?,medical
Exercise with Parkinson's?,medical
How to manage ulcerative colitis?,medical
Signs of thyroid issues?,medical
Can ADHD affect focus in gym?,medical
How to treat patellar tendonitis?,medical
Exercise safe with cataracts?,medical
Dealing with hives from exercise?,medical
How to prevent bug bites outdoors?,medical
Is anxiety from caffeine?,medical
Exercise with asthma?,medical
Using EPO for endurance?,unsafe
How to dose anabolics?,unsafe
Best veggie only diet?,unsafe
Stimulant laxatives?,unsafe
How to use weed for appetite?,unsafe
Air diet myths?,unsafe
Using baking soda for detox?,unsafe
Working out injured?,unsafe
How to manipulate scale?,unsafe
Celery juice cleanse?,unsafe
Using LSD for mind?,unsafe
Hormones for trans athletes?,unsafe
What is EEG?,general
How to measure waist?,general
What are cannabinoids?,general
Differences between herbs?,general
What is ecology?,general
How does light affect sleep?,general
What is RNA?,general
Benefits of art therapy?,general
What are neurotransmitters?,general
How to meditate?,general
What is string theory in health?,general
Importance of play in adult life?,general
Best salads for lunch?,nutrition
How does tomato benefit heart?,nutrition
Is GMO safe?,nutrition
Best foods for liver detox?,nutrition
How much manganese daily?,nutrition
Foods to boost oxytocin?,nutrition
Is sesame oil good?,nutrition
How to get omega-3 vegetarian?,nutrition
Best energy bars?,nutrition
Foods high in folate?,nutrition
How does smoking affect lungs?,nutrition
Best pulse options?,nutrition
Is cooking method important?,nutrition
Foods to avoid for hypertension?,nutrition
How to do pull-ups?,workout
Exercises for rhomboid muscles?,workout
How to train for ironman?,workout
Best exercises for abs?,workout
How to build strength for climbing?,workout
What is Olympic lifting?,workout
Exercises for rotator cuff?,workout
How to train for basketball?,workout
Best shoulder workouts?,workout
How to improve posture?,workout
Exercises for toe strength?,workout
What is dance fitness?,workout
Group workout benefits?,workout
How to do planche?,workout
"My back aches, from mattress?",medical
How to heal disc herniation?,medical
Is double vision serious?,medical
Exercise with Alzheimer's?,medical
How to manage diverticulitis?,medical
Signs of adrenal fatigue?,medical
Can bipolar affect routine?,medical
How to treat Achilles tendonitis?,medical
Exercise safe with hearing loss?,medical
Dealing with sunburn?,medical
How to prevent splinters?,medical
Is irritability from low sugar?,medical
Exercise with bronchitis?,medical
Using blood doping?,unsafe
How to use insulin for bulking?,unsafe
Best grain free diet?,unsafe
Bulk laxative use?,unsafe
How to use caffeine overdose?,unsafe
Cotton ball diet?,unsafe
Using lemon for detox?,unsafe
Training drunk?,unsafe
How to photoshop body?,unsafe
Master cleanse?,unsafe
Using shrooms for recovery?,unsafe
Peptides for women?,unsafe
What is MRI?,general
How to calculate lean mass?,general
What are flavonoids?,general
Differences between spices?,general
What is biodiversity?,general
How does temperature affect metabolism?,general
What is ATP?,general
Benefits of music therapy?,general
What are synapses?,general
How to journal?,general
What is chaos theory in life?,general
Importance of rest days?,general
Hi,chitchat
Hello,chitchat
Good morning,chitchat
Thanks,chitchat
Thank you,chitchat
Okay,chitchat
Cool,chitchat
Nice,chitchat
Who are you?,chitchat
What can you do?,chitchat
Can you help me?,chitchat
That helped,chitchat
Explain again,chitchat
Can you simplify?,chitchat
Hey there,chitchat
What's up?,chitchat
How are you?,chitchat
Good afternoon,chitchat
Good evening,chitchat
Bye,chitchat
See you,chitchat
Talk later,chitchat
Sounds good,chitchat
Alright,chitchat
Got it,chitchat
No problem,chitchat
You're welcome,chitchat
Sure thing,chitchat
Tell me more,chitchat
Interesting,chitchat
That's funny,chitchat
Haha,chitchat
LOL,chitchat
Really?,chitchat
Wow,chitchat
Oh no,chitchat
Sorry,chitchat
Excuse me,chitchat
Pardon?,chitchat
What do you mean?,chitchat
Can you repeat?,chitchat
I don't understand,chitchat
Makes sense,chitchat
I agree,chitchat
Good point,chitchat
Tell me a joke,chitchat
What's new?,chitchat
How's it going?,chitchat
Long time no see,chitchat
Nice to meet you,chitchat
What's your name?,chitchat
Where are you from?,chitchat
How old are you?,chitchat
Just kidding,chitchat
For real?,chitchat
Seriously?,chitchat
That's awesome,chitchat
Congrats,chitchat
Happy birthday,chitchat
Merry Christmas,chitchat
Happy New Year,chitchat
Good luck,chitchat
Take care,chitchat
Stay safe,chitchat
Have a good day,chitchat
Sweet dreams,chitchat
What's the weather like?,chitchat
How's the day?,chitchat
I'm bored,chitchat
Tell me something,chitchat
Any news?,chitchat
What's happening?,chitchat
I like that,chitchat
That's cool,chitchat
Awesome,chitchat
Fantastic,chitchat
Great,chitchat
Super,chitchat
Excellent,chitchat
Perfect,chitchat
Wonderful,chitchat
Brilliant,chitchat
Terrific,chitchat
Fabulous,chitchat
Amazing,chitchat
Incredible,chitchat
Unbelievable,chitchat
Oh wow,chitchat
That's neat,chitchat
I see,chitchat
Understood,chitchat
Right,chitchat
Exactly,chitchat
Precisely,chitchat
Spot on,chitchat
You got it,chitchat
No way,chitchat
Are you sure?,chitchat
Doubt it,chitchat
Maybe,chitchat
Possibly,chitchat
Perhaps,chitchat
I think so,chitchat
I hope so,chitchat
Fingers crossed,chitchat
Knock on wood,chitchat
Break a leg,chitchat
Cheers,chitchat
Bottoms up,chitchat
Here's to you,chitchat
Salud,chitchat
Prost,chitchat
What time is it?,chitchat
How late is it?,chitchat
I'm tired,chitchat
I'm hungry,chitchat
I'm thirsty,chitchat
Let's chat,chitchat
Wanna talk?,chitchat
Got a minute?,chitchat
Busy?,chitchat
Free now?,chitchat
Later?,chitchat
Tomorrow?,chitchat
Someday,chitchat
Sometime,chitchat
Whenever,chitchat
Wherever,chitchat
However,chitchat
Whatever,chitchat
Whoever,chitchat
Whichever,chitchat
Why not?,chitchat
Why though?,chitchat
How come?,chitchat
For what?,chitchat
Since when?,chitchat
Until when?,chitchat
From where?,chitchat
To where?,chitchat
With whom?,chitchat
About what?,chitchat
Tell me why,chitchat
Explain please,chitchat
More details?,chitchat
Go on,chitchat
Continue,chitchat
And then?,chitchat
What next?,chitchat
What else?,chitchat
Anything else?,chitchat
That's all?,chitchat
Is that it?,chitchat
Done?,chitchat
Finished?,chitchat
Over?,chitchat
End?,chitchat
Stop,chitchat
Pause,chitchat
Hold on,chitchat
Wait a sec,chitchat
One moment,chitchat
Be right back,chitchat
BRB,chitchat
AFK,chitchat
TTYL,chitchat
GTG,chitchat
CYA,chitchat
Cheers mate,chitchat
Take it easy,chitchat
Peace out,chitchat
Later alligator,chitchat
In a while crocodile,chitchat
Adios,chitchat
Au revoir,chitchat
Sayonara,chitchat
Ciao,chitchat
Goodbye,chitchat
Farewell,chitchat
So long,chitchat
Until next time,chitchat
Catch you later,chitchat
See ya around,chitchat
Have fun,chitchat
Enjoy,chitchat
Best wishes,chitchat
All the best,chitchat
Keep in touch,chitchat
Stay connected,chitchat
Don't be a stranger,chitchat
Miss you already,chitchat
Hugs,chitchat
Kisses,chitchat
XOXO,chitchat
Love ya,chitchat
You're the best,chitchat
Thanks a bunch,chitchat
Appreciate it,chitchat
Grateful,chitchat
Thankful,chitchat
Blessed,chitchat
Lucky me,chitchat
What a day,chitchat
Crazy weather,chitchat
Hot today,chitchat
Cold outside,chitchat
Raining again,chitchat
Sunny day,chitchat
Windy,chitchat
Snowy,chitchat
Foggy,chitchat
Clear skies,chitchat
Beautiful morning,chitchat
Lovely evening,chitchat
Quiet night,chitchat
Busy week,chitchat
Weekend plans?,chitchat
Holiday coming?,chitchat
Vacation time,chitchat
Party tonight?,chitchat